,publicURL
11,https://urbanriverrangers.s3.amazonaws.com/images/2024/2024-01-30_Learnin_platform_camera_test/DCIM/100MEDIA/SYFW0020.JPG
22,https://urbanriverrangers.s3.amazonaws.com/images/2024/2024-01-30_Learnin_platform_camera_test/DCIM/100MEDIA/SYFW0040.JPG
55,https://urbanriverrangers.s3.amazonaws.com/images/2024/2024-01-30_Learnin_platform_camera_test/DCIM/100MEDIA/SYFW0106.JPG
59,https://urbanriverrangers.s3.amazonaws.com/images/2024/2024-01-30_Learnin_platform_camera_test/DCIM/100MEDIA/SYFW0114.JPG
72,https://urbanriverrangers.s3.amazonaws.com/images/2024/2024-01-30_Learnin_platform_camera_test/DCIM/100MEDIA/SYFW0140.JPG
107,https://urbanriverrangers.s3.amazonaws.com/images/2024/2024-01-30_Learnin_platform_camera_test/DCIM/100MEDIA/SYFW0204.JPG
141,https://urbanriverrangers.s3.amazonaws.com/images/2024/2024-01-31_LearningPlatformBeaver/2024-01-31_19-16-18/DCIM/100MEDIA/SYFW0028.JPG
176,https://urbanriverrangers.s3.amazonaws.com/images/2024/2024-01-31_LearningPlatformBeaver/DCIM/100MEDIA/SYFW0028.JPG
253,https://urbanriverrangers.s3.amazonaws.com/images/2024/2024-01-31_LearningPlatformBeaver/DCIM/100MEDIA/SYFW0176.JPG
288,https://urbanriverrangers.s3.amazonaws.com/images/2024/2024-01-31_LearningPlatformBeaver/DCIM/100MEDIA/SYFW0244.JPG
327,https://urbanriverrangers.s3.amazonaws.com/images/2024/2024-02-01_16-41-42/DCIM/100SYCAM/SYEW0012.JPG
1530,https://urbanriverrangers.s3.amazonaws.com/images/2024/2024-02-01_16-41-42/DCIM/100SYCAM/SYEW1610.JPG
1628,https://urbanriverrangers.s3.amazonaws.com/images/2024/2024-02-01_16-41-42/DCIM/100SYCAM/SYEW1739.JPG
1630,https://urbanriverrangers.s3.amazonaws.com/images/2024/2024-02-01_16-41-42/DCIM/100SYCAM/SYEW1741.JPG
1634,https://urbanriverrangers.s3.amazonaws.com/images/2024/2024-02-01_16-41-42/DCIM/100SYCAM/SYEW1747.JPG
1856,https://urbanriverrangers.s3.amazonaws.com/images/2024/2024-02-01_Bubbly_003/DCIM/100MEDIA/SYFW0102.JPG
1857,https://urbanriverrangers.s3.amazonaws.com/images/2024/2024-02-01_Bubbly_003/DCIM/100MEDIA/SYFW0103.JPG
2586,https://urbanriverrangers.s3.amazonaws.com/images/2024/2024-02-01_Bubbly_spypoint_garden/DCIM/100DSCIM/HDPH0575.JPG
2642,https://urbanriverrangers.s3.amazonaws.com/images/2024/2024-02-01_Bubbly_spypoint_garden/DCIM/100DSCIM/HDPH0631.JPG
3044,https://urbanriverrangers.s3.amazonaws.com/images/2024/2024-02-01_Bubbly_spypoint_garden/DCIM/100DSCIM/HDPH1033.JPG
3874,https://urbanriverrangers.s3.amazonaws.com/images/2024/2024-02-01_Bubbly_spypoint_garden/DCIM/100DSCIM/HDPH1863.JPG
3882,https://urbanriverrangers.s3.amazonaws.com/images/2024/2024-02-01_Bubbly_spypoint_garden/DCIM/100DSCIM/HDPH1871.JPG
3897,https://urbanriverrangers.s3.amazonaws.com/images/2024/2024-02-01_Bubbly_spypoint_garden/DCIM/100DSCIM/HDPH1886.JPG
3928,https://urbanriverrangers.s3.amazonaws.com/images/2024/2024-02-01_Bubbly_spypoint_garden/DCIM/100DSCIM/HDPH1917.JPG
5482,https://urbanriverrangers.s3.amazonaws.com/images/2024/2024-02-01_Bubbly_spypoint_garden/DCIM/100DSCIM/HDPH3471.JPG
5488,https://urbanriverrangers.s3.amazonaws.com/images/2024/2024-02-01_Bubbly_spypoint_garden/DCIM/100DSCIM/HDPH3477.JPG
5831,https://urbanriverrangers.s3.amazonaws.com/images/2024/2024-02-01_Bubbly_spypoint_garden/DCIM/100DSCIM/HDPH3820.JPG
5853,https://urbanriverrangers.s3.amazonaws.com/images/2024/2024-02-01_Bubbly_spypoint_garden/DCIM/100DSCIM/HDPH3842.JPG
5907,https://urbanriverrangers.s3.amazonaws.com/images/2024/2024-02-01_Bubbly_spypoint_garden/DCIM/100DSCIM/HDPH3896.JPG
5915,https://urbanriverrangers.s3.amazonaws.com/images/2024/2024-02-01_Bubbly_spypoint_garden/DCIM/100DSCIM/HDPH3904.JPG
5918,https://urbanriverrangers.s3.amazonaws.com/images/2024/2024-02-01_Bubbly_spypoint_garden/DCIM/100DSCIM/HDPH3907.JPG
5969,https://urbanriverrangers.s3.amazonaws.com/images/2024/2024-02-01_Bubbly_spypoint_garden/DCIM/100DSCIM/HDPH3958.JPG
5982,https://urbanriverrangers.s3.amazonaws.com/images/2024/2024-02-01_Bubbly_spypoint_garden/DCIM/100DSCIM/HDPH3971.JPG
6028,https://urbanriverrangers.s3.amazonaws.com/images/2024/2024-02-01_Bubbly_spypoint_garden/DCIM/100DSCIM/HDPH4017.JPG
6132,https://urbanriverrangers.s3.amazonaws.com/images/2024/2024-02-01_Bubbly_spypoint_garden/DCIM/100DSCIM/HDPH4121.JPG
6158,https://urbanriverrangers.s3.amazonaws.com/images/2024/2024-02-01_Bubbly_spypoint_garden/DCIM/100DSCIM/HDPH4147.JPG
6251,https://urbanriverrangers.s3.amazonaws.com/images/2024/2024-02-01_Bubbly_spypoint_garden/DCIM/100DSCIM/HDPH4240.JPG
6482,https://urbanriverrangers.s3.amazonaws.com/images/2024/2024-02-01_Bubbly_spypoint_garden/DCIM/100DSCIM/HDPH4471.JPG
10334,https://urbanriverrangers.s3.amazonaws.com/images/2024/2024-02-01_Bubbly_spypoint_garden/DCIM/100DSCIM/HDPH8325.JPG
10374,https://urbanriverrangers.s3.amazonaws.com/images/2024/2024-02-01_Bubbly_spypoint_garden/DCIM/100DSCIM/HDPH8365.JPG
10848,https://urbanriverrangers.s3.amazonaws.com/images/2024/2024-02-01_Bubbly_spypoint_garden/DCIM/100DSCIM/PICT0004.JPG
11768,https://urbanriverrangers.s3.amazonaws.com/images/2024/2024-02-01_Bubbly_spypoint_garden/DCIM/100DSCIM/PICT0924.JPG
12267,https://urbanriverrangers.s3.amazonaws.com/images/2024/2024-02-01_Bubbly_spypoint_garden/DCIM/100DSCIM/PICT1424.JPG
12373,https://urbanriverrangers.s3.amazonaws.com/images/2024/2024-02-01_Bubbly_spypoint_garden/DCIM/100DSCIM/PICT1530.JPG
12686,https://urbanriverrangers.s3.amazonaws.com/images/2024/2024-02-01_Bubbly_spypoint_garden/DCIM/100DSCIM/PICT1844.JPG
12713,https://urbanriverrangers.s3.amazonaws.com/images/2024/2024-02-01_Bubbly_spypoint_garden/DCIM/100DSCIM/PICT1871.JPG
12738,https://urbanriverrangers.s3.amazonaws.com/images/2024/2024-02-01_Bubbly_spypoint_garden/DCIM/100DSCIM/PICT1896.JPG
12744,https://urbanriverrangers.s3.amazonaws.com/images/2024/2024-02-01_Bubbly_spypoint_garden/DCIM/100DSCIM/PICT1902.JPG
12759,https://urbanriverrangers.s3.amazonaws.com/images/2024/2024-02-01_Bubbly_spypoint_garden/DCIM/100DSCIM/PICT1917.JPG
12794,https://urbanriverrangers.s3.amazonaws.com/images/2024/2024-02-01_Bubbly_spypoint_garden/DCIM/100DSCIM/PICT1952.JPG
12821,https://urbanriverrangers.s3.amazonaws.com/images/2024/2024-02-01_Bubbly_spypoint_garden/DCIM/100DSCIM/PICT1979.JPG
14319,https://urbanriverrangers.s3.amazonaws.com/images/2024/2024-02-01_Bubbly_spypoint_garden/DCIM/100DSCIM/PICT3477.JPG
14675,https://urbanriverrangers.s3.amazonaws.com/images/2024/2024-02-01_Bubbly_spypoint_garden/DCIM/100DSCIM/PICT3833.JPG
14813,https://urbanriverrangers.s3.amazonaws.com/images/2024/2024-02-01_Bubbly_spypoint_garden/DCIM/100DSCIM/PICT3971.JPG
20282,https://urbanriverrangers.s3.amazonaws.com/images/2024/2024-02-10_Reveal002WildMile/DCIM/100MEDIA/SYFW1048.JPG
20298,https://urbanriverrangers.s3.amazonaws.com/images/2024/2024-02-10_Reveal002WildMile/DCIM/100MEDIA/SYFW1080.JPG
20352,https://urbanriverrangers.s3.amazonaws.com/images/2024/2024-02-10_Reveal002WildMile/DCIM/100MEDIA/SYFW1188.JPG
20460,https://urbanriverrangers.s3.amazonaws.com/images/2024/2024-02-10_Reveal002WildMile/DCIM/100MEDIA/SYFW1404.JPG
20463,https://urbanriverrangers.s3.amazonaws.com/images/2024/2024-02-10_Reveal002WildMile/DCIM/100MEDIA/SYFW1410.JPG
20513,https://urbanriverrangers.s3.amazonaws.com/images/2024/2024-02-10_Reveal002WildMile/DCIM/100MEDIA/SYFW1510.JPG
20557,https://urbanriverrangers.s3.amazonaws.com/images/2024/2024-02-10_Reveal002WildMile/DCIM/100MEDIA/SYFW1598.JPG
20699,https://urbanriverrangers.s3.amazonaws.com/images/2024/2024-02-10_Reveal002WildMile/DCIM/100MEDIA/SYFW1881.JPG
20924,https://urbanriverrangers.s3.amazonaws.com/images/2024/2024-02-10_Reveal002WildMile/DCIM/100MEDIA/SYFW2330.JPG
20979,https://urbanriverrangers.s3.amazonaws.com/images/2024/2024-03-23_WildMileNorth/DCIM/100MEDIA/SYFW0005.JPG
21059,https://urbanriverrangers.s3.amazonaws.com/images/2024/2024-03-23_WildMileNorth/DCIM/100MEDIA/SYFW0151.JPG
21820,https://urbanriverrangers.s3.amazonaws.com/images/2024/2024-03-23_WildMileNorth/DCIM/100MEDIA/SYFW1593.JPG
21978,https://urbanriverrangers.s3.amazonaws.com/images/2024/2024-03-23_WildMileNorth/DCIM/100MEDIA/SYFW1905.JPG
22021,https://urbanriverrangers.s3.amazonaws.com/images/2024/2024-03-23_WildMileNorth/DCIM/100MEDIA/SYFW1990.JPG
22284,https://urbanriverrangers.s3.amazonaws.com/images/2024/2024-03-06_RevealCamWildMile/DCIM/100DSCIM/PICT0003.JPG
23565,https://urbanriverrangers.s3.amazonaws.com/images/2024/2024-04-13_ZoneD/DCIM/100DSCIM/PICT0035.JPG
23579,https://urbanriverrangers.s3.amazonaws.com/images/2024/2024-04-13_ZoneD/DCIM/100DSCIM/PICT0049.JPG
23632,https://urbanriverrangers.s3.amazonaws.com/images/2024/2024-04-13_ZoneD/DCIM/100DSCIM/PICT0102.JPG
23672,https://urbanriverrangers.s3.amazonaws.com/images/2024/2024-04-13_ZoneD/DCIM/100DSCIM/PICT0142.JPG
23778,https://urbanriverrangers.s3.amazonaws.com/images/2024/2024-04-13_ZoneD/DCIM/100DSCIM/PICT0248.JPG
23857,https://urbanriverrangers.s3.amazonaws.com/images/2024/2024-04-13_ZoneD/DCIM/100DSCIM/PICT0327.JPG
23882,https://urbanriverrangers.s3.amazonaws.com/images/2024/2024-04-13_ZoneD/DCIM/100DSCIM/PICT0352.JPG
27155,https://urbanriverrangers.s3.amazonaws.com/images/2024/2024-05-12_Prologis/DCIM/100SYCAM/SYEW2823.JPG
27284,https://urbanriverrangers.s3.amazonaws.com/images/2024/2024-05-12_Prologis/DCIM/100SYCAM/SYEW2925.JPG
27344,https://urbanriverrangers.s3.amazonaws.com/images/2024/2024-05-12_Prologis/DCIM/100SYCAM/SYEW2973.JPG
27387,https://urbanriverrangers.s3.amazonaws.com/images/2024/2024-05-12_Prologis/DCIM/100SYCAM/SYEW3008.JPG
27389,https://urbanriverrangers.s3.amazonaws.com/images/2024/2024-05-12_Prologis/DCIM/100SYCAM/SYEW3009.JPG
27393,https://urbanriverrangers.s3.amazonaws.com/images/2024/2024-05-12_Prologis/DCIM/100SYCAM/SYEW3012.JPG
27402,https://urbanriverrangers.s3.amazonaws.com/images/2024/2024-05-12_Prologis/DCIM/100SYCAM/SYEW3020.JPG
27404,https://urbanriverrangers.s3.amazonaws.com/images/2024/2024-05-12_Prologis/DCIM/100SYCAM/SYEW3021.JPG
27856,https://urbanriverrangers.s3.amazonaws.com/images/2024/2024-05-12_Prologis/DCIM/100SYCAM/SYEW3382.JPG
27864,https://urbanriverrangers.s3.amazonaws.com/images/2024/2024-05-12_Prologis/DCIM/100SYCAM/SYEW3388.JPG
27892,https://urbanriverrangers.s3.amazonaws.com/images/2024/2024-05-12_Prologis/DCIM/100SYCAM/SYEW3411.JPG
27930,https://urbanriverrangers.s3.amazonaws.com/images/2024/2024-05-12_Prologis/DCIM/100SYCAM/SYEW3440.JPG
29715,https://urbanriverrangers.s3.amazonaws.com/images/2024/2024-05-12_Prologis/DCIM/100SYCAM/SYEW5059.JPG
30173,https://urbanriverrangers.s3.amazonaws.com/images/2024/2024-05-12_Prologis/DCIM/100SYCAM/SYEW5672.JPG
30203,https://urbanriverrangers.s3.amazonaws.com/images/2024/2024-05-12_Prologis/DCIM/100SYCAM/SYEW5717.JPG
30217,https://urbanriverrangers.s3.amazonaws.com/images/2024/2024-05-12_Prologis/DCIM/100SYCAM/SYEW5738.JPG
30218,https://urbanriverrangers.s3.amazonaws.com/images/2024/2024-05-12_Prologis/DCIM/100SYCAM/SYEW5739.JPG
30271,https://urbanriverrangers.s3.amazonaws.com/images/2024/2024-05-12_Prologis/DCIM/100SYCAM/SYEW5819.JPG
30297,https://urbanriverrangers.s3.amazonaws.com/images/2024/2024-05-12_Prologis/DCIM/100SYCAM/SYEW5858.JPG
30796,https://urbanriverrangers.s3.amazonaws.com/images/2024/2024-05-12_Prologis/DCIM/100SYCAM/SYEW6605.JPG
30815,https://urbanriverrangers.s3.amazonaws.com/images/2024/2024-05-12_Prologis/DCIM/100SYCAM/SYEW6634.JPG
30819,https://urbanriverrangers.s3.amazonaws.com/images/2024/2024-05-12_Prologis/DCIM/100SYCAM/SYEW6640.JPG
30820,https://urbanriverrangers.s3.amazonaws.com/images/2024/2024-05-12_Prologis/DCIM/100SYCAM/SYEW6641.JPG
30829,https://urbanriverrangers.s3.amazonaws.com/images/2024/2024-05-12_Prologis/DCIM/100SYCAM/SYEW6655.JPG
30957,https://urbanriverrangers.s3.amazonaws.com/images/2024/2024-05-12_Prologis/DCIM/100SYCAM/SYEW6847.JPG
30960,https://urbanriverrangers.s3.amazonaws.com/images/2024/2024-05-12_Prologis/DCIM/100SYCAM/SYEW6851.JPG
31090,https://urbanriverrangers.s3.amazonaws.com/images/2024/2024-05-12_Prologis/DCIM/100SYCAM/SYEW7046.JPG
31091,https://urbanriverrangers.s3.amazonaws.com/images/2024/2024-05-12_Prologis/DCIM/100SYCAM/SYEW7047.JPG
31098,https://urbanriverrangers.s3.amazonaws.com/images/2024/2024-05-12_Prologis/DCIM/100SYCAM/SYEW7058.JPG
31099,https://urbanriverrangers.s3.amazonaws.com/images/2024/2024-05-12_Prologis/DCIM/100SYCAM/SYEW7059.JPG
31104,https://urbanriverrangers.s3.amazonaws.com/images/2024/2024-05-12_Prologis/DCIM/100SYCAM/SYEW7067.JPG
31105,https://urbanriverrangers.s3.amazonaws.com/images/2024/2024-05-12_Prologis/DCIM/100SYCAM/SYEW7068.JPG
31106,https://urbanriverrangers.s3.amazonaws.com/images/2024/2024-05-12_Prologis/DCIM/100SYCAM/SYEW7070.JPG
31108,https://urbanriverrangers.s3.amazonaws.com/images/2024/2024-05-12_Prologis/DCIM/100SYCAM/SYEW7073.JPG
31109,https://urbanriverrangers.s3.amazonaws.com/images/2024/2024-05-12_Prologis/DCIM/100SYCAM/SYEW7074.JPG
31110,https://urbanriverrangers.s3.amazonaws.com/images/2024/2024-05-12_Prologis/DCIM/100SYCAM/SYEW7076.JPG
31111,https://urbanriverrangers.s3.amazonaws.com/images/2024/2024-05-12_Prologis/DCIM/100SYCAM/SYEW7077.JPG
31112,https://urbanriverrangers.s3.amazonaws.com/images/2024/2024-05-12_Prologis/DCIM/100SYCAM/SYEW7079.JPG
31113,https://urbanriverrangers.s3.amazonaws.com/images/2024/2024-05-12_Prologis/DCIM/100SYCAM/SYEW7080.JPG
31114,https://urbanriverrangers.s3.amazonaws.com/images/2024/2024-05-12_Prologis/DCIM/100SYCAM/SYEW7082.JPG
31115,https://urbanriverrangers.s3.amazonaws.com/images/2024/2024-05-12_Prologis/DCIM/100SYCAM/SYEW7083.JPG
31116,https://urbanriverrangers.s3.amazonaws.com/images/2024/2024-05-12_Prologis/DCIM/100SYCAM/SYEW7085.JPG
31117,https://urbanriverrangers.s3.amazonaws.com/images/2024/2024-05-12_Prologis/DCIM/100SYCAM/SYEW7086.JPG
31164,https://urbanriverrangers.s3.amazonaws.com/images/2024/2024-05-12_Prologis/DCIM/100SYCAM/SYEW7157.JPG
31232,https://urbanriverrangers.s3.amazonaws.com/images/2024/2024-05-12_Prologis/DCIM/100SYCAM/SYEW7259.JPG
31233,https://urbanriverrangers.s3.amazonaws.com/images/2024/2024-05-12_Prologis/DCIM/100SYCAM/SYEW7260.JPG
31243,https://urbanriverrangers.s3.amazonaws.com/images/2024/2024-05-12_Prologis/DCIM/100SYCAM/SYEW7275.JPG
31462,https://urbanriverrangers.s3.amazonaws.com/images/2024/2024-05-12_Prologis/DCIM/100SYCAM/SYEW7603.JPG
31501,https://urbanriverrangers.s3.amazonaws.com/images/2024/2024-05-12_Prologis/DCIM/100SYCAM/SYEW7661.JPG
31544,https://urbanriverrangers.s3.amazonaws.com/images/2024/2024-05-12_Prologis/DCIM/100SYCAM/SYEW7726.JPG
31561,https://urbanriverrangers.s3.amazonaws.com/images/2024/2024-05-12_Prologis/DCIM/100SYCAM/SYEW7751.JPG
31633,https://urbanriverrangers.s3.amazonaws.com/images/2024/2024-05-12_Prologis/DCIM/100SYCAM/SYEW7859.JPG
31683,https://urbanriverrangers.s3.amazonaws.com/images/2024/2024-05-12_Prologis/DCIM/100SYCAM/SYEW7934.JPG
31693,https://urbanriverrangers.s3.amazonaws.com/images/2024/2024-05-12_Prologis/DCIM/100SYCAM/SYEW7949.JPG
31698,https://urbanriverrangers.s3.amazonaws.com/images/2024/2024-05-12_Prologis/DCIM/100SYCAM/SYEW7956.JPG
31772,https://urbanriverrangers.s3.amazonaws.com/images/2024/2024-05-12_Prologis/DCIM/100SYCAM/SYEW8067.JPG
31794,https://urbanriverrangers.s3.amazonaws.com/images/2024/2024-05-12_Prologis/DCIM/100SYCAM/SYEW8100.JPG
32171,https://urbanriverrangers.s3.amazonaws.com/images/2024/2024-05-12_Prologis/DCIM/100SYCAM/SYEW8665.JPG
32172,https://urbanriverrangers.s3.amazonaws.com/images/2024/2024-05-12_Prologis/DCIM/100SYCAM/SYEW8666.JPG
33131,https://urbanriverrangers.s3.amazonaws.com/images/2024/2024-05-12_Prologis/DCIM/101SYCAM/SYEW0105.JPG
33132,https://urbanriverrangers.s3.amazonaws.com/images/2024/2024-05-12_Prologis/DCIM/101SYCAM/SYEW0106.JPG
33258,https://urbanriverrangers.s3.amazonaws.com/images/2024/2024-05-12_Prologis/DCIM/101SYCAM/SYEW0295.JPG
33261,https://urbanriverrangers.s3.amazonaws.com/images/2024/2024-05-12_Prologis/DCIM/101SYCAM/SYEW0299.JPG
33262,https://urbanriverrangers.s3.amazonaws.com/images/2024/2024-05-12_Prologis/DCIM/101SYCAM/SYEW0301.JPG
33525,https://urbanriverrangers.s3.amazonaws.com/images/2024/2024-05-12_Prologis/DCIM/101SYCAM/SYEW0695.JPG
33605,https://urbanriverrangers.s3.amazonaws.com/images/2024/2024-05-12_Prologis/DCIM/101SYCAM/SYEW0815.JPG
33925,https://urbanriverrangers.s3.amazonaws.com/images/2024/2024-05-12_Prologis/DCIM/101SYCAM/SYEW1294.JPG
34077,https://urbanriverrangers.s3.amazonaws.com/images/2024/2024-05-12_Prologis/DCIM/101SYCAM/SYEW1522.JPG
34110,https://urbanriverrangers.s3.amazonaws.com/images/2024/2024-05-12_Prologis/DCIM/101SYCAM/SYEW1572.JPG
34376,https://urbanriverrangers.s3.amazonaws.com/images/2024/2024-05-12_Prologis/DCIM/101SYCAM/SYEW1970.JPG
34388,https://urbanriverrangers.s3.amazonaws.com/images/2024/2024-05-12_Prologis/DCIM/101SYCAM/SYEW1988.JPG
34389,https://urbanriverrangers.s3.amazonaws.com/images/2024/2024-05-12_Prologis/DCIM/101SYCAM/SYEW1989.JPG
34391,https://urbanriverrangers.s3.amazonaws.com/images/2024/2024-05-12_Prologis/DCIM/101SYCAM/SYEW1992.JPG
34420,https://urbanriverrangers.s3.amazonaws.com/images/2024/2024-05-12_Prologis/DCIM/101SYCAM/SYEW2036.JPG
34450,https://urbanriverrangers.s3.amazonaws.com/images/2024/2024-05-12_Prologis/DCIM/101SYCAM/SYEW2081.JPG
34511,https://urbanriverrangers.s3.amazonaws.com/images/2024/2024-05-12_Prologis/DCIM/101SYCAM/SYEW2823.JPG
35083,https://urbanriverrangers.s3.amazonaws.com/images/2024/2024-05-12_Prologis/DCIM/101SYCAM/SYEW2241.JPG
35085,https://urbanriverrangers.s3.amazonaws.com/images/2024/2024-05-12_Prologis/DCIM/101SYCAM/SYEW2235.JPG
35086,https://urbanriverrangers.s3.amazonaws.com/images/2024/2024-05-12_Prologis/DCIM/101SYCAM/SYEW2236.JPG
35162,https://urbanriverrangers.s3.amazonaws.com/images/2024/2024-05-12_Prologis/DCIM/101SYCAM/SYEW2121.JPG
35652,https://urbanriverrangers.s3.amazonaws.com/images/2024/2024-05-12_Prologis/DCIM/101SYCAM/SYEW3440.JPG
35688,https://urbanriverrangers.s3.amazonaws.com/images/2024/2024-05-12_Prologis/DCIM/101SYCAM/SYEW3411.JPG
35691,https://urbanriverrangers.s3.amazonaws.com/images/2024/2024-05-12_Prologis/DCIM/101SYCAM/SYEW3409.JPG
35714,https://urbanriverrangers.s3.amazonaws.com/images/2024/2024-05-12_Prologis/DCIM/101SYCAM/SYEW3388.JPG
35722,https://urbanriverrangers.s3.amazonaws.com/images/2024/2024-05-12_Prologis/DCIM/101SYCAM/SYEW3382.JPG
36143,https://urbanriverrangers.s3.amazonaws.com/images/2024/2024-05-12_Prologis/DCIM/101SYCAM/SYEW3021.JPG
36145,https://urbanriverrangers.s3.amazonaws.com/images/2024/2024-05-12_Prologis/DCIM/101SYCAM/SYEW3020.JPG
36151,https://urbanriverrangers.s3.amazonaws.com/images/2024/2024-05-12_Prologis/DCIM/101SYCAM/SYEW3014.JPG
36155,https://urbanriverrangers.s3.amazonaws.com/images/2024/2024-05-12_Prologis/DCIM/101SYCAM/SYEW3012.JPG
36157,https://urbanriverrangers.s3.amazonaws.com/images/2024/2024-05-12_Prologis/DCIM/101SYCAM/SYEW3008.JPG
36159,https://urbanriverrangers.s3.amazonaws.com/images/2024/2024-05-12_Prologis/DCIM/101SYCAM/SYEW3009.JPG
36199,https://urbanriverrangers.s3.amazonaws.com/images/2024/2024-05-12_Prologis/DCIM/101SYCAM/SYEW2973.JPG
36204,https://urbanriverrangers.s3.amazonaws.com/images/2024/2024-05-12_Prologis/DCIM/101SYCAM/SYEW2970.JPG
36216,https://urbanriverrangers.s3.amazonaws.com/images/2024/2024-05-12_Prologis/DCIM/101SYCAM/SYEW2958.JPG
36257,https://urbanriverrangers.s3.amazonaws.com/images/2024/2024-05-12_Prologis/DCIM/101SYCAM/SYEW2925.JPG
37271,https://urbanriverrangers.s3.amazonaws.com/images/2024/2024-05-16_WM_Boardwalk_D/DCIM/100DSCIM/PICT0459.JPG
37284,https://urbanriverrangers.s3.amazonaws.com/images/2024/2024-05-16_WM_Boardwalk_D/DCIM/100DSCIM/PICT0447.JPG
37317,https://urbanriverrangers.s3.amazonaws.com/images/2024/2024-05-16_WM_Boardwalk_D/DCIM/100DSCIM/PICT0413.JPG
37329,https://urbanriverrangers.s3.amazonaws.com/images/2024/2024-05-16_WM_Boardwalk_D/DCIM/100DSCIM/PICT0401.JPG
37358,https://urbanriverrangers.s3.amazonaws.com/images/2024/2024-05-16_WM_Boardwalk_D/DCIM/100DSCIM/PICT0373.JPG
37404,https://urbanriverrangers.s3.amazonaws.com/images/2024/2024-05-16_WM_Boardwalk_D/DCIM/100DSCIM/PICT0326.JPG
37407,https://urbanriverrangers.s3.amazonaws.com/images/2024/2024-05-16_WM_Boardwalk_D/DCIM/100DSCIM/PICT0325.JPG
37529,https://urbanriverrangers.s3.amazonaws.com/images/2024/2024-05-16_WM_Boardwalk_D/DCIM/100DSCIM/PICT0201.JPG
39093,https://urbanriverrangers.s3.amazonaws.com/images/2024/2024-05-16_WM_Boardwalk_D/DCIM/100DSCIM/PICT2296.JPG
39106,https://urbanriverrangers.s3.amazonaws.com/images/2024/2024-05-16_WM_Boardwalk_D/DCIM/100DSCIM/PICT2282.JPG
40240,https://urbanriverrangers.s3.amazonaws.com/images/2024/2024-05-16_WM_Boardwalk_D/DCIM/100DSCIM/PICT3149.JPG
40494,https://urbanriverrangers.s3.amazonaws.com/images/2024/2024-05-16_WM_Boardwalk_D/DCIM/100DSCIM/PICT2895.JPG
40520,https://urbanriverrangers.s3.amazonaws.com/images/2024/2024-05-16_WM_Boardwalk_D/DCIM/100DSCIM/PICT2869.JPG
40523,https://urbanriverrangers.s3.amazonaws.com/images/2024/2024-05-16_WM_Boardwalk_D/DCIM/100DSCIM/PICT2866.JPG
40772,https://urbanriverrangers.s3.amazonaws.com/images/2024/2024-05-16_WM_Boardwalk_D/DCIM/100DSCIM/PICT2617.JPG
41551,https://urbanriverrangers.s3.amazonaws.com/images/2024/2024-05-16_WM_Boardwalk_D/DCIM/100DSCIM/PICT3838.JPG
41689,https://urbanriverrangers.s3.amazonaws.com/images/2024/2024-05-16_WM_Boardwalk_D/DCIM/100DSCIM/PICT3700.JPG
41708,https://urbanriverrangers.s3.amazonaws.com/images/2024/2024-05-16_WM_Boardwalk_D/DCIM/100DSCIM/PICT3681.JPG
42564,https://urbanriverrangers.s3.amazonaws.com/images/2024/2024-05-16_WM_Boardwalk_D/DCIM/100DSCIM/PICT4825.JPG
42635,https://urbanriverrangers.s3.amazonaws.com/images/2024/2024-05-16_WM_Boardwalk_D/DCIM/100DSCIM/PICT4754.JPG
42644,https://urbanriverrangers.s3.amazonaws.com/images/2024/2024-05-16_WM_Boardwalk_D/DCIM/100DSCIM/PICT4745.JPG
42996,https://urbanriverrangers.s3.amazonaws.com/images/2024/2024-05-16_WM_Boardwalk_D/DCIM/100DSCIM/PICT5614.JPG
43918,https://urbanriverrangers.s3.amazonaws.com/images/2024/2024-05-25_WM_Boardwalk_D/DCIM/100DSCIM/PICT0190.JPG
46020,https://urbanriverrangers.s3.amazonaws.com/images/2024/2024-05-25_WM_Boardwalk_G/DCIM/100MEDIA/SYFW0865.JPG
46477,https://urbanriverrangers.s3.amazonaws.com/images/2024/2024-05-25_WM_Boardwalk_G/DCIM/100MEDIA/SYFW1980.JPG
46606,https://urbanriverrangers.s3.amazonaws.com/images/2024/2024-05-25_WM_Boardwalk_G/DCIM/100MEDIA/SYFW1726.JPG
46639,https://urbanriverrangers.s3.amazonaws.com/images/2024/2024-05-25_WM_Boardwalk_G/DCIM/100MEDIA/SYFW1661.JPG
46714,https://urbanriverrangers.s3.amazonaws.com/images/2024/2024-05-25_WM_Boardwalk_G/DCIM/100MEDIA/SYFW1512.JPG
46993,https://urbanriverrangers.s3.amazonaws.com/images/2024/2024-06-03_UR011/DCIM/100MEDIA/SYFW1832.JPG
46994,https://urbanriverrangers.s3.amazonaws.com/images/2024/2024-06-03_UR011/DCIM/100MEDIA/SYFW1831.JPG
46995,https://urbanriverrangers.s3.amazonaws.com/images/2024/2024-06-03_UR011/DCIM/100MEDIA/SYFW1829.JPG
47038,https://urbanriverrangers.s3.amazonaws.com/images/2024/2024-06-03_UR011/DCIM/100MEDIA/SYFW1772.JPG
47056,https://urbanriverrangers.s3.amazonaws.com/images/2024/2024-06-03_UR011/DCIM/100MEDIA/SYFW1748.JPG
47057,https://urbanriverrangers.s3.amazonaws.com/images/2024/2024-06-03_UR011/DCIM/100MEDIA/SYFW1747.JPG
47058,https://urbanriverrangers.s3.amazonaws.com/images/2024/2024-06-03_UR011/DCIM/100MEDIA/SYFW1745.JPG
47059,https://urbanriverrangers.s3.amazonaws.com/images/2024/2024-06-03_UR011/DCIM/100MEDIA/SYFW1744.JPG
47063,https://urbanriverrangers.s3.amazonaws.com/images/2024/2024-06-03_UR011/DCIM/100MEDIA/SYFW1739.JPG
47467,https://urbanriverrangers.s3.amazonaws.com/images/2024/2024-06-03_UR011/DCIM/100MEDIA/SYFW1200.JPG
47468,https://urbanriverrangers.s3.amazonaws.com/images/2024/2024-06-03_UR011/DCIM/100MEDIA/SYFW1199.JPG
47812,https://urbanriverrangers.s3.amazonaws.com/images/2024/2024-06-03_UR011/DCIM/100MEDIA/SYFW2739.JPG
48090,https://urbanriverrangers.s3.amazonaws.com/images/2024/2024-06-03_UR011/DCIM/100MEDIA/SYFW2369.JPG
48445,https://urbanriverrangers.s3.amazonaws.com/images/2024/2024-06-03_UR011/DCIM/100MEDIA/SYFW1896.JPG
48466,https://urbanriverrangers.s3.amazonaws.com/images/2024/2024-06-03_UR011/DCIM/100MEDIA/SYFW1868.JPG
48467,https://urbanriverrangers.s3.amazonaws.com/images/2024/2024-06-03_UR011/DCIM/100MEDIA/SYFW1867.JPG
48486,https://urbanriverrangers.s3.amazonaws.com/images/2024/2024-06-03_UR011/DCIM/100MEDIA/SYFW1841.JPG
49054,https://urbanriverrangers.s3.amazonaws.com/images/2024/2024-06-03_UR011/DCIM/100MEDIA/SYFW3084.JPG
49061,https://urbanriverrangers.s3.amazonaws.com/images/2024/2024-06-03_UR011/DCIM/100MEDIA/SYFW3075.JPG
49086,https://urbanriverrangers.s3.amazonaws.com/images/2024/2024-06-03_UR011/DCIM/100MEDIA/SYFW3043.JPG
49121,https://urbanriverrangers.s3.amazonaws.com/images/2024/2024-06-03_UR011/DCIM/100MEDIA/SYFW2995.JPG
49122,https://urbanriverrangers.s3.amazonaws.com/images/2024/2024-06-03_UR011/DCIM/100MEDIA/SYFW2994.JPG
49124,https://urbanriverrangers.s3.amazonaws.com/images/2024/2024-06-03_UR011/DCIM/100MEDIA/SYFW2990.JPG
49125,https://urbanriverrangers.s3.amazonaws.com/images/2024/2024-06-03_UR011/DCIM/100MEDIA/SYFW2991.JPG
49135,https://urbanriverrangers.s3.amazonaws.com/images/2024/2024-06-03_UR011/DCIM/100MEDIA/SYFW2977.JPG
49138,https://urbanriverrangers.s3.amazonaws.com/images/2024/2024-06-03_UR011/DCIM/100MEDIA/SYFW2973.JPG
49189,https://urbanriverrangers.s3.amazonaws.com/images/2024/2024-06-03_UR011/DCIM/100MEDIA/SYFW2905.JPG
49218,https://urbanriverrangers.s3.amazonaws.com/images/2024/2024-06-03_UR011/DCIM/100MEDIA/SYFW2866.JPG
49219,https://urbanriverrangers.s3.amazonaws.com/images/2024/2024-06-03_UR011/DCIM/100MEDIA/SYFW2865.JPG
49283,https://urbanriverrangers.s3.amazonaws.com/images/2024/2024-06-03_UR011/DCIM/100MEDIA/SYFW4780.JPG
49286,https://urbanriverrangers.s3.amazonaws.com/images/2024/2024-06-03_UR011/DCIM/100MEDIA/SYFW4778.JPG
49288,https://urbanriverrangers.s3.amazonaws.com/images/2024/2024-06-03_UR011/DCIM/100MEDIA/SYFW4773.JPG
55901,https://urbanriverrangers.s3.amazonaws.com/images/2024/2024-06-18_UR003/DCIM/100MEDIA/DSCF0091.JPG
55902,https://urbanriverrangers.s3.amazonaws.com/images/2024/2024-06-18_UR003/DCIM/100MEDIA/DSCF0091.JPG
55943,https://urbanriverrangers.s3.amazonaws.com/images/2024/2024-06-18_UR003/DCIM/100MEDIA/DSCF0066.JPG
55947,https://urbanriverrangers.s3.amazonaws.com/images/2024/2024-06-18_UR003/DCIM/100MEDIA/DSCF0055.JPG
55959,https://urbanriverrangers.s3.amazonaws.com/images/2024/2024-06-18_UR003/DCIM/100MEDIA/DSCF0054.JPG
55967,https://urbanriverrangers.s3.amazonaws.com/images/2024/2024-06-18_UR003/DCIM/100MEDIA/DSCF0046.JPG
55969,https://urbanriverrangers.s3.amazonaws.com/images/2024/2024-06-18_UR003/DCIM/100MEDIA/DSCF0047.JPG
55991,https://urbanriverrangers.s3.amazonaws.com/images/2024/2024-06-18_UR003/DCIM/100MEDIA/DSCF0029.JPG
55997,https://urbanriverrangers.s3.amazonaws.com/images/2024/2024-06-18_UR003/DCIM/100MEDIA/DSCF0023.JPG
55999,https://urbanriverrangers.s3.amazonaws.com/images/2024/2024-06-18_UR003/DCIM/100MEDIA/DSCF0025.JPG
56001,https://urbanriverrangers.s3.amazonaws.com/images/2024/2024-06-18_UR003/DCIM/100MEDIA/DSCF0026.JPG
56005,https://urbanriverrangers.s3.amazonaws.com/images/2024/2024-06-18_UR003/DCIM/100MEDIA/DSCF0021.JPG
56009,https://urbanriverrangers.s3.amazonaws.com/images/2024/2024-06-18_UR003/DCIM/100MEDIA/DSCF0019.JPG
56011,https://urbanriverrangers.s3.amazonaws.com/images/2024/2024-06-18_UR003/DCIM/100MEDIA/DSCF0015.JPG
56945,https://urbanriverrangers.s3.amazonaws.com/images/2024/2024-06-18_UR003/DCIM/101MEDIA/DSCF0091.JPG
56946,https://urbanriverrangers.s3.amazonaws.com/images/2024/2024-06-18_UR003/DCIM/101MEDIA/DSCF0091.JPG
56983,https://urbanriverrangers.s3.amazonaws.com/images/2024/2024-06-18_UR003/DCIM/101MEDIA/DSCF0066.JPG
56999,https://urbanriverrangers.s3.amazonaws.com/images/2024/2024-06-18_UR003/DCIM/101MEDIA/DSCF0055.JPG
57001,https://urbanriverrangers.s3.amazonaws.com/images/2024/2024-06-18_UR003/DCIM/101MEDIA/DSCF0054.JPG
57011,https://urbanriverrangers.s3.amazonaws.com/images/2024/2024-06-18_UR003/DCIM/101MEDIA/DSCF0047.JPG
57013,https://urbanriverrangers.s3.amazonaws.com/images/2024/2024-06-18_UR003/DCIM/101MEDIA/DSCF0046.JPG
57021,https://urbanriverrangers.s3.amazonaws.com/images/2024/2024-06-18_UR003/DCIM/101MEDIA/DSCF0040.JPG
57043,https://urbanriverrangers.s3.amazonaws.com/images/2024/2024-06-18_UR003/DCIM/101MEDIA/DSCF0026.JPG
57045,https://urbanriverrangers.s3.amazonaws.com/images/2024/2024-06-18_UR003/DCIM/101MEDIA/DSCF0023.JPG
57047,https://urbanriverrangers.s3.amazonaws.com/images/2024/2024-06-18_UR003/DCIM/101MEDIA/DSCF0024.JPG
57051,https://urbanriverrangers.s3.amazonaws.com/images/2024/2024-06-18_UR003/DCIM/101MEDIA/DSCF0020.JPG
57055,https://urbanriverrangers.s3.amazonaws.com/images/2024/2024-06-18_UR003/DCIM/101MEDIA/DSCF0019.JPG
57059,https://urbanriverrangers.s3.amazonaws.com/images/2024/2024-06-18_UR003/DCIM/101MEDIA/DSCF0015.JPG
57125,https://urbanriverrangers.s3.amazonaws.com/images/2024/2024-06-18_UR003/DCIM/100MEDIA/DSCF0969.JPG
57163,https://urbanriverrangers.s3.amazonaws.com/images/2024/2024-06-18_UR003/DCIM/100MEDIA/DSCF0945.JPG
57233,https://urbanriverrangers.s3.amazonaws.com/images/2024/2024-06-18_UR003/DCIM/100MEDIA/DSCF0898.JPG
57255,https://urbanriverrangers.s3.amazonaws.com/images/2024/2024-06-18_UR003/DCIM/100MEDIA/DSCF0883.JPG
57257,https://urbanriverrangers.s3.amazonaws.com/images/2024/2024-06-18_UR003/DCIM/100MEDIA/DSCF0882.JPG
57275,https://urbanriverrangers.s3.amazonaws.com/images/2024/2024-06-18_UR003/DCIM/100MEDIA/DSCF0870.JPG
57281,https://urbanriverrangers.s3.amazonaws.com/images/2024/2024-06-18_UR003/DCIM/100MEDIA/DSCF0866.JPG
57301,https://urbanriverrangers.s3.amazonaws.com/images/2024/2024-06-18_UR003/DCIM/100MEDIA/DSCF0853.JPG
57303,https://urbanriverrangers.s3.amazonaws.com/images/2024/2024-06-18_UR003/DCIM/100MEDIA/DSCF0851.JPG
57307,https://urbanriverrangers.s3.amazonaws.com/images/2024/2024-06-18_UR003/DCIM/100MEDIA/DSCF0850.JPG
57309,https://urbanriverrangers.s3.amazonaws.com/images/2024/2024-06-18_UR003/DCIM/100MEDIA/DSCF0847.JPG
57325,https://urbanriverrangers.s3.amazonaws.com/images/2024/2024-06-18_UR003/DCIM/100MEDIA/DSCF0837.JPG
57331,https://urbanriverrangers.s3.amazonaws.com/images/2024/2024-06-18_UR003/DCIM/100MEDIA/DSCF0833.JPG
57345,https://urbanriverrangers.s3.amazonaws.com/images/2024/2024-06-18_UR003/DCIM/100MEDIA/DSCF0823.JPG
57349,https://urbanriverrangers.s3.amazonaws.com/images/2024/2024-06-18_UR003/DCIM/100MEDIA/DSCF0821.JPG
57351,https://urbanriverrangers.s3.amazonaws.com/images/2024/2024-06-18_UR003/DCIM/100MEDIA/DSCF0818.JPG
57383,https://urbanriverrangers.s3.amazonaws.com/images/2024/2024-06-18_UR003/DCIM/100MEDIA/DSCF0798.JPG
57389,https://urbanriverrangers.s3.amazonaws.com/images/2024/2024-06-18_UR003/DCIM/100MEDIA/DSCF0794.JPG
57417,https://urbanriverrangers.s3.amazonaws.com/images/2024/2024-06-18_UR003/DCIM/100MEDIA/DSCF0775.JPG
57427,https://urbanriverrangers.s3.amazonaws.com/images/2024/2024-06-18_UR003/DCIM/100MEDIA/DSCF0769.JPG
57441,https://urbanriverrangers.s3.amazonaws.com/images/2024/2024-06-18_UR003/DCIM/100MEDIA/DSCF0759.JPG
57445,https://urbanriverrangers.s3.amazonaws.com/images/2024/2024-06-18_UR003/DCIM/100MEDIA/DSCF0757.JPG
57451,https://urbanriverrangers.s3.amazonaws.com/images/2024/2024-06-18_UR003/DCIM/100MEDIA/DSCF0753.JPG
57455,https://urbanriverrangers.s3.amazonaws.com/images/2024/2024-06-18_UR003/DCIM/100MEDIA/DSCF0750.JPG
57742,https://urbanriverrangers.s3.amazonaws.com/images/2024/2024-06-18_UR003/DCIM/100MEDIA/DSCF0370.JPG
57817,https://urbanriverrangers.s3.amazonaws.com/images/2024/2024-06-18_UR003/DCIM/100MEDIA/DSCF0270.JPG
57943,https://urbanriverrangers.s3.amazonaws.com/images/2024/2024-06-18_UR003/DCIM/100MEDIA/DSCF0102.JPG
57960,https://urbanriverrangers.s3.amazonaws.com/images/2024/2024-06-18_UR003/DCIM/102MEDIA/DSCF0091.JPG
57961,https://urbanriverrangers.s3.amazonaws.com/images/2024/2024-06-18_UR003/DCIM/102MEDIA/DSCF0091.JPG
58014,https://urbanriverrangers.s3.amazonaws.com/images/2024/2024-06-18_UR003/DCIM/102MEDIA/DSCF0055.JPG
58026,https://urbanriverrangers.s3.amazonaws.com/images/2024/2024-06-18_UR003/DCIM/102MEDIA/DSCF0047.JPG
58036,https://urbanriverrangers.s3.amazonaws.com/images/2024/2024-06-18_UR003/DCIM/102MEDIA/DSCF0040.JPG
58052,https://urbanriverrangers.s3.amazonaws.com/images/2024/2024-06-18_UR003/DCIM/102MEDIA/DSCF0029.JPG
58058,https://urbanriverrangers.s3.amazonaws.com/images/2024/2024-06-18_UR003/DCIM/102MEDIA/DSCF0025.JPG
58060,https://urbanriverrangers.s3.amazonaws.com/images/2024/2024-06-18_UR003/DCIM/102MEDIA/DSCF0024.JPG
58062,https://urbanriverrangers.s3.amazonaws.com/images/2024/2024-06-18_UR003/DCIM/102MEDIA/DSCF0020.JPG
58064,https://urbanriverrangers.s3.amazonaws.com/images/2024/2024-06-18_UR003/DCIM/102MEDIA/DSCF0023.JPG
58066,https://urbanriverrangers.s3.amazonaws.com/images/2024/2024-06-18_UR003/DCIM/102MEDIA/DSCF0021.JPG
58068,https://urbanriverrangers.s3.amazonaws.com/images/2024/2024-06-18_UR003/DCIM/102MEDIA/DSCF0019.JPG
58072,https://urbanriverrangers.s3.amazonaws.com/images/2024/2024-06-18_UR003/DCIM/102MEDIA/DSCF0015.JPG
58223,https://urbanriverrangers.s3.amazonaws.com/images/2024/2024-06-18_UR003/DCIM/101MEDIA/DSCF0898.JPG
58241,https://urbanriverrangers.s3.amazonaws.com/images/2024/2024-06-18_UR003/DCIM/101MEDIA/DSCF0883.JPG
58243,https://urbanriverrangers.s3.amazonaws.com/images/2024/2024-06-18_UR003/DCIM/101MEDIA/DSCF0882.JPG
58256,https://urbanriverrangers.s3.amazonaws.com/images/2024/2024-06-18_UR003/DCIM/101MEDIA/DSCF0870.JPG
58263,https://urbanriverrangers.s3.amazonaws.com/images/2024/2024-06-18_UR003/DCIM/101MEDIA/DSCF0866.JPG
58281,https://urbanriverrangers.s3.amazonaws.com/images/2024/2024-06-18_UR003/DCIM/101MEDIA/DSCF0851.JPG
58283,https://urbanriverrangers.s3.amazonaws.com/images/2024/2024-06-18_UR003/DCIM/101MEDIA/DSCF0850.JPG
58286,https://urbanriverrangers.s3.amazonaws.com/images/2024/2024-06-18_UR003/DCIM/101MEDIA/DSCF0847.JPG
58316,https://urbanriverrangers.s3.amazonaws.com/images/2024/2024-06-18_UR003/DCIM/101MEDIA/DSCF0823.JPG
58323,https://urbanriverrangers.s3.amazonaws.com/images/2024/2024-06-18_UR003/DCIM/101MEDIA/DSCF0818.JPG
58348,https://urbanriverrangers.s3.amazonaws.com/images/2024/2024-06-18_UR003/DCIM/101MEDIA/DSCF0798.JPG
58353,https://urbanriverrangers.s3.amazonaws.com/images/2024/2024-06-18_UR003/DCIM/101MEDIA/DSCF0794.JPG
58376,https://urbanriverrangers.s3.amazonaws.com/images/2024/2024-06-18_UR003/DCIM/101MEDIA/DSCF0775.JPG
58395,https://urbanriverrangers.s3.amazonaws.com/images/2024/2024-06-18_UR003/DCIM/101MEDIA/DSCF0759.JPG
58406,https://urbanriverrangers.s3.amazonaws.com/images/2024/2024-06-18_UR003/DCIM/101MEDIA/DSCF0750.JPG
58694,https://urbanriverrangers.s3.amazonaws.com/images/2024/2024-06-18_UR003/DCIM/101MEDIA/DSCF0370.JPG
58706,https://urbanriverrangers.s3.amazonaws.com/images/2024/2024-06-18_UR003/DCIM/101MEDIA/DSCF0352.JPG
58769,https://urbanriverrangers.s3.amazonaws.com/images/2024/2024-06-18_UR003/DCIM/101MEDIA/DSCF0270.JPG
58894,https://urbanriverrangers.s3.amazonaws.com/images/2024/2024-06-18_UR003/DCIM/101MEDIA/DSCF0102.JPG
58947,https://urbanriverrangers.s3.amazonaws.com/images/2024/2024-06-18_UR003/DCIM/103MEDIA/DSCF0066.JPG
58965,https://urbanriverrangers.s3.amazonaws.com/images/2024/2024-06-18_UR003/DCIM/103MEDIA/DSCF0054.JPG
58977,https://urbanriverrangers.s3.amazonaws.com/images/2024/2024-06-18_UR003/DCIM/103MEDIA/DSCF0046.JPG
58983,https://urbanriverrangers.s3.amazonaws.com/images/2024/2024-06-18_UR003/DCIM/103MEDIA/DSCF0040.JPG
59003,https://urbanriverrangers.s3.amazonaws.com/images/2024/2024-06-18_UR003/DCIM/103MEDIA/DSCF0029.JPG
59007,https://urbanriverrangers.s3.amazonaws.com/images/2024/2024-06-18_UR003/DCIM/103MEDIA/DSCF0025.JPG
59009,https://urbanriverrangers.s3.amazonaws.com/images/2024/2024-06-18_UR003/DCIM/103MEDIA/DSCF0026.JPG
59011,https://urbanriverrangers.s3.amazonaws.com/images/2024/2024-06-18_UR003/DCIM/103MEDIA/DSCF0024.JPG
59015,https://urbanriverrangers.s3.amazonaws.com/images/2024/2024-06-18_UR003/DCIM/103MEDIA/DSCF0021.JPG
59017,https://urbanriverrangers.s3.amazonaws.com/images/2024/2024-06-18_UR003/DCIM/103MEDIA/DSCF0020.JPG
59084,https://urbanriverrangers.s3.amazonaws.com/images/2024/2024-06-18_UR003/DCIM/102MEDIA/DSCF0969.JPG
59114,https://urbanriverrangers.s3.amazonaws.com/images/2024/2024-06-18_UR003/DCIM/102MEDIA/DSCF0945.JPG
59192,https://urbanriverrangers.s3.amazonaws.com/images/2024/2024-06-18_UR003/DCIM/102MEDIA/DSCF0883.JPG
59229,https://urbanriverrangers.s3.amazonaws.com/images/2024/2024-06-18_UR003/DCIM/102MEDIA/DSCF0853.JPG
59232,https://urbanriverrangers.s3.amazonaws.com/images/2024/2024-06-18_UR003/DCIM/102MEDIA/DSCF0851.JPG
59237,https://urbanriverrangers.s3.amazonaws.com/images/2024/2024-06-18_UR003/DCIM/102MEDIA/DSCF0847.JPG
59249,https://urbanriverrangers.s3.amazonaws.com/images/2024/2024-06-18_UR003/DCIM/102MEDIA/DSCF0837.JPG
59254,https://urbanriverrangers.s3.amazonaws.com/images/2024/2024-06-18_UR003/DCIM/102MEDIA/DSCF0833.JPG
59267,https://urbanriverrangers.s3.amazonaws.com/images/2024/2024-06-18_UR003/DCIM/102MEDIA/DSCF0823.JPG
59269,https://urbanriverrangers.s3.amazonaws.com/images/2024/2024-06-18_UR003/DCIM/102MEDIA/DSCF0821.JPG
59327,https://urbanriverrangers.s3.amazonaws.com/images/2024/2024-06-18_UR003/DCIM/102MEDIA/DSCF0775.JPG
59334,https://urbanriverrangers.s3.amazonaws.com/images/2024/2024-06-18_UR003/DCIM/102MEDIA/DSCF0769.JPG
59347,https://urbanriverrangers.s3.amazonaws.com/images/2024/2024-06-18_UR003/DCIM/102MEDIA/DSCF0759.JPG
59349,https://urbanriverrangers.s3.amazonaws.com/images/2024/2024-06-18_UR003/DCIM/102MEDIA/DSCF0757.JPG
59357,https://urbanriverrangers.s3.amazonaws.com/images/2024/2024-06-18_UR003/DCIM/102MEDIA/DSCF0753.JPG
59658,https://urbanriverrangers.s3.amazonaws.com/images/2024/2024-06-18_UR003/DCIM/102MEDIA/DSCF0352.JPG
59847,https://urbanriverrangers.s3.amazonaws.com/images/2024/2024-06-18_UR003/DCIM/104MEDIA/DSCF0102.JPG
59861,https://urbanriverrangers.s3.amazonaws.com/images/2024/2024-06-18_UR003/DCIM/104MEDIA/DSCF0091.JPG
59862,https://urbanriverrangers.s3.amazonaws.com/images/2024/2024-06-18_UR003/DCIM/104MEDIA/DSCF0091.JPG
59897,https://urbanriverrangers.s3.amazonaws.com/images/2024/2024-06-18_UR003/DCIM/104MEDIA/DSCF0066.JPG
59915,https://urbanriverrangers.s3.amazonaws.com/images/2024/2024-06-18_UR003/DCIM/104MEDIA/DSCF0055.JPG
59917,https://urbanriverrangers.s3.amazonaws.com/images/2024/2024-06-18_UR003/DCIM/104MEDIA/DSCF0054.JPG
59927,https://urbanriverrangers.s3.amazonaws.com/images/2024/2024-06-18_UR003/DCIM/104MEDIA/DSCF0047.JPG
59929,https://urbanriverrangers.s3.amazonaws.com/images/2024/2024-06-18_UR003/DCIM/104MEDIA/DSCF0046.JPG
59955,https://urbanriverrangers.s3.amazonaws.com/images/2024/2024-06-18_UR003/DCIM/104MEDIA/DSCF0029.JPG
59959,https://urbanriverrangers.s3.amazonaws.com/images/2024/2024-06-18_UR003/DCIM/104MEDIA/DSCF0025.JPG
59961,https://urbanriverrangers.s3.amazonaws.com/images/2024/2024-06-18_UR003/DCIM/104MEDIA/DSCF0026.JPG
59963,https://urbanriverrangers.s3.amazonaws.com/images/2024/2024-06-18_UR003/DCIM/104MEDIA/DSCF0023.JPG
59967,https://urbanriverrangers.s3.amazonaws.com/images/2024/2024-06-18_UR003/DCIM/104MEDIA/DSCF0021.JPG
59969,https://urbanriverrangers.s3.amazonaws.com/images/2024/2024-06-18_UR003/DCIM/104MEDIA/DSCF0019.JPG
59975,https://urbanriverrangers.s3.amazonaws.com/images/2024/2024-06-18_UR003/DCIM/104MEDIA/DSCF0015.JPG
60036,https://urbanriverrangers.s3.amazonaws.com/images/2024/2024-06-18_UR003/DCIM/103MEDIA/DSCF0969.JPG
60067,https://urbanriverrangers.s3.amazonaws.com/images/2024/2024-06-18_UR003/DCIM/103MEDIA/DSCF0945.JPG
60124,https://urbanriverrangers.s3.amazonaws.com/images/2024/2024-06-18_UR003/DCIM/103MEDIA/DSCF0898.JPG
60144,https://urbanriverrangers.s3.amazonaws.com/images/2024/2024-06-18_UR003/DCIM/103MEDIA/DSCF0882.JPG
60159,https://urbanriverrangers.s3.amazonaws.com/images/2024/2024-06-18_UR003/DCIM/103MEDIA/DSCF0870.JPG
60164,https://urbanriverrangers.s3.amazonaws.com/images/2024/2024-06-18_UR003/DCIM/103MEDIA/DSCF0866.JPG
60179,https://urbanriverrangers.s3.amazonaws.com/images/2024/2024-06-18_UR003/DCIM/103MEDIA/DSCF0853.JPG
60184,https://urbanriverrangers.s3.amazonaws.com/images/2024/2024-06-18_UR003/DCIM/103MEDIA/DSCF0850.JPG
60201,https://urbanriverrangers.s3.amazonaws.com/images/2024/2024-06-18_UR003/DCIM/103MEDIA/DSCF0837.JPG
60206,https://urbanriverrangers.s3.amazonaws.com/images/2024/2024-06-18_UR003/DCIM/103MEDIA/DSCF0833.JPG
60221,https://urbanriverrangers.s3.amazonaws.com/images/2024/2024-06-18_UR003/DCIM/103MEDIA/DSCF0821.JPG
60224,https://urbanriverrangers.s3.amazonaws.com/images/2024/2024-06-18_UR003/DCIM/103MEDIA/DSCF0818.JPG
60249,https://urbanriverrangers.s3.amazonaws.com/images/2024/2024-06-18_UR003/DCIM/103MEDIA/DSCF0798.JPG
60254,https://urbanriverrangers.s3.amazonaws.com/images/2024/2024-06-18_UR003/DCIM/103MEDIA/DSCF0794.JPG
60284,https://urbanriverrangers.s3.amazonaws.com/images/2024/2024-06-18_UR003/DCIM/103MEDIA/DSCF0769.JPG
60301,https://urbanriverrangers.s3.amazonaws.com/images/2024/2024-06-18_UR003/DCIM/103MEDIA/DSCF0757.JPG
60306,https://urbanriverrangers.s3.amazonaws.com/images/2024/2024-06-18_UR003/DCIM/103MEDIA/DSCF0753.JPG
60309,https://urbanriverrangers.s3.amazonaws.com/images/2024/2024-06-18_UR003/DCIM/103MEDIA/DSCF0750.JPG
60596,https://urbanriverrangers.s3.amazonaws.com/images/2024/2024-06-18_UR003/DCIM/103MEDIA/DSCF0370.JPG
60609,https://urbanriverrangers.s3.amazonaws.com/images/2024/2024-06-18_UR003/DCIM/103MEDIA/DSCF0352.JPG
60671,https://urbanriverrangers.s3.amazonaws.com/images/2024/2024-06-18_UR003/DCIM/103MEDIA/DSCF0270.JPG
60797,https://urbanriverrangers.s3.amazonaws.com/images/2024/2024-06-18_UR003/DCIM/103MEDIA/DSCF0102.JPG
60799,https://urbanriverrangers.s3.amazonaws.com/images/2024/2024-06-18_UR003/DCIM/105MEDIA/DSCF0102.JPG
60811,https://urbanriverrangers.s3.amazonaws.com/images/2024/2024-06-18_UR003/DCIM/105MEDIA/DSCF0091.JPG
60812,https://urbanriverrangers.s3.amazonaws.com/images/2024/2024-06-18_UR003/DCIM/105MEDIA/DSCF0091.JPG
60849,https://urbanriverrangers.s3.amazonaws.com/images/2024/2024-06-18_UR003/DCIM/105MEDIA/DSCF0066.JPG
60867,https://urbanriverrangers.s3.amazonaws.com/images/2024/2024-06-18_UR003/DCIM/105MEDIA/DSCF0055.JPG
60869,https://urbanriverrangers.s3.amazonaws.com/images/2024/2024-06-18_UR003/DCIM/105MEDIA/DSCF0054.JPG
60877,https://urbanriverrangers.s3.amazonaws.com/images/2024/2024-06-18_UR003/DCIM/105MEDIA/DSCF0047.JPG
60881,https://urbanriverrangers.s3.amazonaws.com/images/2024/2024-06-18_UR003/DCIM/105MEDIA/DSCF0046.JPG
60889,https://urbanriverrangers.s3.amazonaws.com/images/2024/2024-06-18_UR003/DCIM/105MEDIA/DSCF0040.JPG
60911,https://urbanriverrangers.s3.amazonaws.com/images/2024/2024-06-18_UR003/DCIM/105MEDIA/DSCF0026.JPG
60913,https://urbanriverrangers.s3.amazonaws.com/images/2024/2024-06-18_UR003/DCIM/105MEDIA/DSCF0024.JPG
60915,https://urbanriverrangers.s3.amazonaws.com/images/2024/2024-06-18_UR003/DCIM/105MEDIA/DSCF0023.JPG
60919,https://urbanriverrangers.s3.amazonaws.com/images/2024/2024-06-18_UR003/DCIM/105MEDIA/DSCF0020.JPG
60921,https://urbanriverrangers.s3.amazonaws.com/images/2024/2024-06-18_UR003/DCIM/105MEDIA/DSCF0019.JPG
60927,https://urbanriverrangers.s3.amazonaws.com/images/2024/2024-06-18_UR003/DCIM/105MEDIA/DSCF0015.JPG
60995,https://urbanriverrangers.s3.amazonaws.com/images/2024/2024-06-18_UR003/DCIM/104MEDIA/DSCF0969.JPG
61031,https://urbanriverrangers.s3.amazonaws.com/images/2024/2024-06-18_UR003/DCIM/104MEDIA/DSCF0945.JPG
61101,https://urbanriverrangers.s3.amazonaws.com/images/2024/2024-06-18_UR003/DCIM/104MEDIA/DSCF0898.JPG
61123,https://urbanriverrangers.s3.amazonaws.com/images/2024/2024-06-18_UR003/DCIM/104MEDIA/DSCF0883.JPG
61125,https://urbanriverrangers.s3.amazonaws.com/images/2024/2024-06-18_UR003/DCIM/104MEDIA/DSCF0882.JPG
61141,https://urbanriverrangers.s3.amazonaws.com/images/2024/2024-06-18_UR003/DCIM/104MEDIA/DSCF0870.JPG
61149,https://urbanriverrangers.s3.amazonaws.com/images/2024/2024-06-18_UR003/DCIM/104MEDIA/DSCF0866.JPG
61169,https://urbanriverrangers.s3.amazonaws.com/images/2024/2024-06-18_UR003/DCIM/104MEDIA/DSCF0853.JPG
61171,https://urbanriverrangers.s3.amazonaws.com/images/2024/2024-06-18_UR003/DCIM/104MEDIA/DSCF0851.JPG
61173,https://urbanriverrangers.s3.amazonaws.com/images/2024/2024-06-18_UR003/DCIM/104MEDIA/DSCF0850.JPG
61177,https://urbanriverrangers.s3.amazonaws.com/images/2024/2024-06-18_UR003/DCIM/104MEDIA/DSCF0847.JPG
61193,https://urbanriverrangers.s3.amazonaws.com/images/2024/2024-06-18_UR003/DCIM/104MEDIA/DSCF0837.JPG
61199,https://urbanriverrangers.s3.amazonaws.com/images/2024/2024-06-18_UR003/DCIM/104MEDIA/DSCF0833.JPG
61213,https://urbanriverrangers.s3.amazonaws.com/images/2024/2024-06-18_UR003/DCIM/104MEDIA/DSCF0823.JPG
61217,https://urbanriverrangers.s3.amazonaws.com/images/2024/2024-06-18_UR003/DCIM/104MEDIA/DSCF0821.JPG
61219,https://urbanriverrangers.s3.amazonaws.com/images/2024/2024-06-18_UR003/DCIM/104MEDIA/DSCF0818.JPG
61251,https://urbanriverrangers.s3.amazonaws.com/images/2024/2024-06-18_UR003/DCIM/104MEDIA/DSCF0798.JPG
61257,https://urbanriverrangers.s3.amazonaws.com/images/2024/2024-06-18_UR003/DCIM/104MEDIA/DSCF0794.JPG
61285,https://urbanriverrangers.s3.amazonaws.com/images/2024/2024-06-18_UR003/DCIM/104MEDIA/DSCF0775.JPG
61295,https://urbanriverrangers.s3.amazonaws.com/images/2024/2024-06-18_UR003/DCIM/104MEDIA/DSCF0769.JPG
61309,https://urbanriverrangers.s3.amazonaws.com/images/2024/2024-06-18_UR003/DCIM/104MEDIA/DSCF0759.JPG
61315,https://urbanriverrangers.s3.amazonaws.com/images/2024/2024-06-18_UR003/DCIM/104MEDIA/DSCF0757.JPG
61317,https://urbanriverrangers.s3.amazonaws.com/images/2024/2024-06-18_UR003/DCIM/104MEDIA/DSCF0753.JPG
61325,https://urbanriverrangers.s3.amazonaws.com/images/2024/2024-06-18_UR003/DCIM/104MEDIA/DSCF0750.JPG
61610,https://urbanriverrangers.s3.amazonaws.com/images/2024/2024-06-18_UR003/DCIM/104MEDIA/DSCF0370.JPG
61685,https://urbanriverrangers.s3.amazonaws.com/images/2024/2024-06-18_UR003/DCIM/104MEDIA/DSCF0270.JPG
61821,https://urbanriverrangers.s3.amazonaws.com/images/2024/2024-06-18_UR003/DCIM/105MEDIA/DSCF0352.JPG
61882,https://urbanriverrangers.s3.amazonaws.com/images/2024/2024-06-18_UR003/DCIM/105MEDIA/DSCF0270.JPG
62052,https://urbanriverrangers.s3.amazonaws.com/images/2024/2024-06-27_UR011/DCIM/100MEDIA/SYFW0674.JPG
62064,https://urbanriverrangers.s3.amazonaws.com/images/2024/2024-06-27_UR011/DCIM/100MEDIA/SYFW0658.JPG
62165,https://urbanriverrangers.s3.amazonaws.com/images/2024/2024-06-27_UR011/DCIM/100MEDIA/SYFW0524.JPG
62506,https://urbanriverrangers.s3.amazonaws.com/images/2024/2024-06-27_UR011/DCIM/100MEDIA/SYFW0068.JPG
62507,https://urbanriverrangers.s3.amazonaws.com/images/2024/2024-06-27_UR011/DCIM/100MEDIA/SYFW0069.JPG
62622,https://urbanriverrangers.s3.amazonaws.com/images/2024/2024-06-27_UR011/DCIM/100MEDIA/SYFW1649.JPG
62638,https://urbanriverrangers.s3.amazonaws.com/images/2024/2024-06-27_UR011/DCIM/100MEDIA/SYFW1628.JPG
62649,https://urbanriverrangers.s3.amazonaws.com/images/2024/2024-06-27_UR011/DCIM/100MEDIA/SYFW1612.JPG
62651,https://urbanriverrangers.s3.amazonaws.com/images/2024/2024-06-27_UR011/DCIM/100MEDIA/SYFW1611.JPG
62656,https://urbanriverrangers.s3.amazonaws.com/images/2024/2024-06-27_UR011/DCIM/100MEDIA/SYFW1603.JPG
62661,https://urbanriverrangers.s3.amazonaws.com/images/2024/2024-06-27_UR011/DCIM/100MEDIA/SYFW1597.JPG
62674,https://urbanriverrangers.s3.amazonaws.com/images/2024/2024-06-27_UR011/DCIM/100MEDIA/SYFW1581.JPG
63445,https://urbanriverrangers.s3.amazonaws.com/images/2024/2024-06-27_UR011/DCIM/101MEDIA/SYFW0524.JPG
63673,https://urbanriverrangers.s3.amazonaws.com/images/2024/2024-06-27_UR011/DCIM/101MEDIA/SYFW0069.JPG
63674,https://urbanriverrangers.s3.amazonaws.com/images/2024/2024-06-27_UR011/DCIM/101MEDIA/SYFW0068.JPG
63777,https://urbanriverrangers.s3.amazonaws.com/images/2024/2024-06-27_UR011/DCIM/101MEDIA/SYFW1611.JPG
63781,https://urbanriverrangers.s3.amazonaws.com/images/2024/2024-06-27_UR011/DCIM/101MEDIA/SYFW1603.JPG
63784,https://urbanriverrangers.s3.amazonaws.com/images/2024/2024-06-27_UR011/DCIM/101MEDIA/SYFW1597.JPG
63792,https://urbanriverrangers.s3.amazonaws.com/images/2024/2024-06-27_UR011/DCIM/101MEDIA/SYFW1581.JPG
